{
  "Nx": 96,
  "Ny": 96,
  "T_final": 1.0,
  "cfl": 0.25,
  "u_linf": 0.01570341592011193,
  "v_linf": 0.025638548858766264,
  "u_l2": 0.008369910235240667,
  "v_l2": 0.009850271372947915,
  "p_linf_raw": 29.309884189828274,
  "p_linf_aligned": 18.78877892946487,
  "p_l2_aligned": 6.897542550099468,
  "p_rel_pct": 1411.5032159294665,
  "p_exact_max": 1.3311183933146458,
  "grid_convergence": [
    {
      "N": 20,
      "h": 0.05,
      "u_linf": 0.14236110934166168,
      "v_linf": 0.28061941815923985,
      "u_l2": 0.07271512309801278,
      "v_l2": 0.11105124077397795,
      "p_raw": 27.19289676902507,
      "p_align": 24.549143372008682,
      "p_rel_pct": 1210.7488445809104,
      "p_l2": 10.042687672964869
    },
    {
      "N": 40,
      "h": 0.025,
      "u_linf": 0.06694371937557708,
      "v_linf": 0.11702838513422043,
      "u_l2": 0.03505646209994847,
      "v_l2": 0.04585909016585135,
      "p_raw": 29.475752707176785,
      "p_align": 28.189742178543757,
      "p_rel_pct": 1322.4951888221772,
      "p_l2": 10.883148263483683
    },
    {
      "N": 64,
      "h": 0.015625,
      "u_linf": 0.04003821071248881,
      "v_linf": 0.06745988969567351,
      "u_l2": 0.021198029756247534,
      "v_l2": 0.02595610681317532,
      "p_raw": 84.48923582960599,
      "p_align": 29.75280586939683,
      "p_rel_pct": 1369.896966459354,
      "p_l2": 11.199995514102042
    },
    {
      "N": 96,
      "h": 0.010416666666666666,
      "u_linf": 0.025890555850200947,
      "v_linf": 0.04227082085337219,
      "u_l2": 0.013799649038708301,
      "v_l2": 0.01624035193475347,
      "p_raw": 48.575498224730886,
      "p_align": 30.9774594715216,
      "p_rel_pct": 1411.5032159308557,
      "p_l2": 11.372125117919436
    }
  ]
}